source_row_id,original_material_label,candidate_series,analysis_pollutant_label,analysis_adsorption_type,adsorption_type_mapping_status,pollutant_label_mapping_status,ordered_source_series,analysis_endpoint_candidate
2380,Pristine SCW Biochar,kinetics_pattern,IBU,Competitive,analysis_copy_recode_from_raw_Single,canonical_or_source_label_retained,kinetics,Q_t
2381,Pristine SCW Biochar,kinetics_pattern,IBU,Competitive,analysis_copy_recode_from_raw_Single,canonical_or_source_label_retained,kinetics,Q_t
2382,Pristine SCW Biochar,kinetics_pattern,IBU,Competitive,analysis_copy_recode_from_raw_Single,canonical_or_source_label_retained,kinetics,Q_t
2383,Pristine SCW Biochar,kinetics_pattern,IBU,Competitive,analysis_copy_recode_from_raw_Single,canonical_or_source_label_retained,kinetics,Q_t
2384,Pristine SCW Biochar,kinetics_pattern,IBU,Competitive,analysis_copy_recode_from_raw_Single,canonical_or_source_label_retained,kinetics,Q_t
2385,Pristine SCW Biochar,kinetics_pattern,IBU,Competitive,analysis_copy_recode_from_raw_Single,canonical_or_source_label_retained,kinetics,Q_t
2386,Pristine SCW Biochar,kinetics_pattern,IBU,Competitive,analysis_copy_recode_from_raw_Single,canonical_or_source_label_retained,kinetics,Q_t
2387,Pristine SCW Biochar,kinetics_pattern,IBU,Competitive,analysis_copy_recode_from_raw_Single,canonical_or_source_label_retained,kinetics,Q_t
2388,Pristine SCW Biochar,kinetics_pattern; isotherm_pattern; pH_pattern; ionic_strength_pattern; temperature_pattern,IBU,Competitive,analysis_copy_recode_from_raw_Single,canonical_or_source_label_retained,kinetics,Q_t
2389,Pristine SCW Biochar,kinetics_pattern,IBU,Competitive,analysis_copy_recode_from_raw_Single,canonical_or_source_label_retained,kinetics,Q_t
2390,Pristine SCW Biochar,kinetics_pattern,IBU,Competitive,analysis_copy_recode_from_raw_Single,canonical_or_source_label_retained,kinetics,Q_t
2391,Pristine SCW Biochar,kinetics_pattern,IBU,Competitive,analysis_copy_recode_from_raw_Single,canonical_or_source_label_retained,kinetics,Q_t
2392,Pristine SCW Biochar,kinetics_pattern,IBU,Competitive,analysis_copy_recode_from_raw_Single,canonical_or_source_label_retained,kinetics,Q_t
2393,Pristine SCW Biochar,kinetics_pattern,IBU,Competitive,analysis_copy_recode_from_raw_Single,canonical_or_source_label_retained,kinetics,Q_t
2394,Pristine SCW Biochar,kinetics_pattern,IBU,Competitive,analysis_copy_recode_from_raw_Single,canonical_or_source_label_retained,kinetics,Q_t
2395,Pristine SCW Biochar,kinetics_pattern,IBU,Competitive,analysis_copy_recode_from_raw_Single,canonical_or_source_label_retained,kinetics,Q_t
2396,Pristine SCW Biochar,kinetics_pattern,IBU,Competitive,analysis_copy_recode_from_raw_Single,canonical_or_source_label_retained,kinetics,Q_t
2397,Pristine SCW Biochar,kinetics_pattern; isotherm_pattern; pH_pattern; ionic_strength_pattern; temperature_pattern,IBU,Competitive,analysis_copy_recode_from_raw_Single,canonical_or_source_label_retained,kinetics,Q_t
2398,Pristine SCW Biochar,kinetics_pattern,IBU,Competitive,analysis_copy_recode_from_raw_Single,canonical_or_source_label_retained,kinetics,Q_t
2399,Pristine SCW Biochar,kinetics_pattern,IBU,Competitive,analysis_copy_recode_from_raw_Single,canonical_or_source_label_retained,kinetics,Q_t
2400,Pristine SCW Biochar,kinetics_pattern,IBU,Competitive,analysis_copy_recode_from_raw_Single,canonical_or_source_label_retained,kinetics,Q_t
2401,Pristine SCW Biochar,kinetics_pattern,IBU,Competitive,analysis_copy_recode_from_raw_Single,canonical_or_source_label_retained,kinetics,Q_t
2402,Pristine SCW Biochar,kinetics_pattern,IBU,Competitive,analysis_copy_recode_from_raw_Single,canonical_or_source_label_retained,kinetics,Q_t
2403,Pristine SCW Biochar,kinetics_pattern,IBU,Competitive,analysis_copy_recode_from_raw_Single,canonical_or_source_label_retained,kinetics,Q_t
2404,Pristine SCW Biochar,kinetics_pattern,IBU,Competitive,analysis_copy_recode_from_raw_Single,canonical_or_source_label_retained,kinetics,Q_t
2405,Pristine SCW Biochar,kinetics_pattern,IBU,Competitive,analysis_copy_recode_from_raw_Single,canonical_or_source_label_retained,kinetics,Q_t
2406,Pristine SCW Biochar,kinetics_pattern; isotherm_pattern; pH_pattern; ionic_strength_pattern; temperature_pattern,IBU,Competitive,analysis_copy_recode_from_raw_Single,canonical_or_source_label_retained,kinetics,Q_t
2461,Pristine SCW Biochar,kinetics_pattern,IBU,Competitive,analysis_copy_recode_from_raw_Single,canonical_or_source_label_retained,kinetics,Q_t
2462,Pristine SCW Biochar,kinetics_pattern,IBU,Competitive,analysis_copy_recode_from_raw_Single,canonical_or_source_label_retained,kinetics,Q_t
2463,Pristine SCW Biochar,kinetics_pattern,IBU,Competitive,analysis_copy_recode_from_raw_Single,canonical_or_source_label_retained,kinetics,Q_t
2464,Pristine SCW Biochar,kinetics_pattern,IBU,Competitive,analysis_copy_recode_from_raw_Single,canonical_or_source_label_retained,kinetics,Q_t
2465,Pristine SCW Biochar,kinetics_pattern,IBU,Competitive,analysis_copy_recode_from_raw_Single,canonical_or_source_label_retained,kinetics,Q_t
2466,Pristine SCW Biochar,kinetics_pattern,IBU,Competitive,analysis_copy_recode_from_raw_Single,canonical_or_source_label_retained,kinetics,Q_t
2467,Pristine SCW Biochar,kinetics_pattern,IBU,Competitive,analysis_copy_recode_from_raw_Single,canonical_or_source_label_retained,kinetics,Q_t
2468,Pristine SCW Biochar,kinetics_pattern,IBU,Competitive,analysis_copy_recode_from_raw_Single,canonical_or_source_label_retained,kinetics,Q_t
2469,Pristine SCW Biochar,kinetics_pattern; isotherm_pattern; pH_pattern; ionic_strength_pattern; temperature_pattern,IBU,Competitive,analysis_copy_recode_from_raw_Single,canonical_or_source_label_retained,kinetics,Q_t
2470,Pristine SCW Biochar,kinetics_pattern,IBU,Competitive,analysis_copy_recode_from_raw_Single,canonical_or_source_label_retained,kinetics,Q_t
2471,Pristine SCW Biochar,kinetics_pattern,IBU,Competitive,analysis_copy_recode_from_raw_Single,canonical_or_source_label_retained,kinetics,Q_t
2472,Pristine SCW Biochar,kinetics_pattern,IBU,Competitive,analysis_copy_recode_from_raw_Single,canonical_or_source_label_retained,kinetics,Q_t
2473,Pristine SCW Biochar,kinetics_pattern,IBU,Competitive,analysis_copy_recode_from_raw_Single,canonical_or_source_label_retained,kinetics,Q_t
2474,Pristine SCW Biochar,kinetics_pattern,IBU,Competitive,analysis_copy_recode_from_raw_Single,canonical_or_source_label_retained,kinetics,Q_t
2475,Pristine SCW Biochar,kinetics_pattern,IBU,Competitive,analysis_copy_recode_from_raw_Single,canonical_or_source_label_retained,kinetics,Q_t
2476,Pristine SCW Biochar,kinetics_pattern,IBU,Competitive,analysis_copy_recode_from_raw_Single,canonical_or_source_label_retained,kinetics,Q_t
2477,Pristine SCW Biochar,kinetics_pattern,IBU,Competitive,analysis_copy_recode_from_raw_Single,canonical_or_source_label_retained,kinetics,Q_t
2478,Pristine SCW Biochar,kinetics_pattern; isotherm_pattern; pH_pattern; ionic_strength_pattern; temperature_pattern,IBU,Competitive,analysis_copy_recode_from_raw_Single,canonical_or_source_label_retained,kinetics,Q_t
2479,Pristine SCW Biochar,kinetics_pattern,IBU,Competitive,analysis_copy_recode_from_raw_Single,canonical_or_source_label_retained,kinetics,Q_t
2480,Pristine SCW Biochar,kinetics_pattern,IBU,Competitive,analysis_copy_recode_from_raw_Single,canonical_or_source_label_retained,kinetics,Q_t
2481,Pristine SCW Biochar,kinetics_pattern,IBU,Competitive,analysis_copy_recode_from_raw_Single,canonical_or_source_label_retained,kinetics,Q_t
2482,Pristine SCW Biochar,kinetics_pattern,IBU,Competitive,analysis_copy_recode_from_raw_Single,canonical_or_source_label_retained,kinetics,Q_t
2483,Pristine SCW Biochar,kinetics_pattern,IBU,Competitive,analysis_copy_recode_from_raw_Single,canonical_or_source_label_retained,kinetics,Q_t
2484,Pristine SCW Biochar,kinetics_pattern,IBU,Competitive,analysis_copy_recode_from_raw_Single,canonical_or_source_label_retained,kinetics,Q_t
2485,Pristine SCW Biochar,kinetics_pattern,IBU,Competitive,analysis_copy_recode_from_raw_Single,canonical_or_source_label_retained,kinetics,Q_t
2486,Pristine SCW Biochar,kinetics_pattern,IBU,Competitive,analysis_copy_recode_from_raw_Single,canonical_or_source_label_retained,kinetics,Q_t
2487,Pristine SCW Biochar,kinetics_pattern; isotherm_pattern; pH_pattern; ionic_strength_pattern; temperature_pattern,IBU,Competitive,analysis_copy_recode_from_raw_Single,canonical_or_source_label_retained,kinetics,Q_t
2518,Pristine SCW Biochar,isotherm_pattern,IBU,Competitive,analysis_copy_recode_from_raw_Single,canonical_or_source_label_retained,isotherm,Q_e
2519,Pristine SCW Biochar,isotherm_pattern,IBU,Competitive,analysis_copy_recode_from_raw_Single,canonical_or_source_label_retained,isotherm,Q_e
2520,Pristine SCW Biochar,kinetics_pattern; isotherm_pattern; pH_pattern; ionic_strength_pattern; temperature_pattern,IBU,Competitive,analysis_copy_recode_from_raw_Single,canonical_or_source_label_retained,isotherm,Q_e
2521,Pristine SCW Biochar,isotherm_pattern,IBU,Competitive,analysis_copy_recode_from_raw_Single,canonical_or_source_label_retained,isotherm,Q_e
2522,Pristine SCW Biochar,isotherm_pattern,IBU,Competitive,analysis_copy_recode_from_raw_Single,canonical_or_source_label_retained,isotherm,Q_e
2523,Pristine SCW Biochar,isotherm_pattern,IBU,Competitive,analysis_copy_recode_from_raw_Single,canonical_or_source_label_retained,isotherm,Q_e
2524,Pristine SCW Biochar,isotherm_pattern,IBU,Competitive,analysis_copy_recode_from_raw_Single,canonical_or_source_label_retained,isotherm,Q_e
2525,Pristine SCW Biochar,kinetics_pattern; isotherm_pattern; pH_pattern; ionic_strength_pattern; temperature_pattern,IBU,Competitive,analysis_copy_recode_from_raw_Single,canonical_or_source_label_retained,isotherm,Q_e
2526,Pristine SCW Biochar,isotherm_pattern,IBU,Competitive,analysis_copy_recode_from_raw_Single,canonical_or_source_label_retained,isotherm,Q_e
2527,Pristine SCW Biochar,isotherm_pattern,IBU,Competitive,analysis_copy_recode_from_raw_Single,canonical_or_source_label_retained,isotherm,Q_e
2528,Pristine SCW Biochar,isotherm_pattern,IBU,Competitive,analysis_copy_recode_from_raw_Single,canonical_or_source_label_retained,isotherm,Q_e
2529,Pristine SCW Biochar,isotherm_pattern,IBU,Competitive,analysis_copy_recode_from_raw_Single,canonical_or_source_label_retained,isotherm,Q_e
2530,Pristine SCW Biochar,kinetics_pattern; isotherm_pattern; pH_pattern; ionic_strength_pattern; temperature_pattern,IBU,Competitive,analysis_copy_recode_from_raw_Single,canonical_or_source_label_retained,isotherm,Q_e
2531,Pristine SCW Biochar,isotherm_pattern,IBU,Competitive,analysis_copy_recode_from_raw_Single,canonical_or_source_label_retained,isotherm,Q_e
2532,Pristine SCW Biochar,isotherm_pattern,IBU,Competitive,analysis_copy_recode_from_raw_Single,canonical_or_source_label_retained,isotherm,Q_e
2557,Pristine SCW Biochar,pH_pattern,IBU,Competitive,analysis_copy_recode_from_raw_Single,canonical_or_source_label_retained,pH,Q_e
2558,Pristine SCW Biochar,kinetics_pattern; isotherm_pattern; pH_pattern; ionic_strength_pattern; temperature_pattern,IBU,Competitive,analysis_copy_recode_from_raw_Single,canonical_or_source_label_retained,pH,Q_e
2559,Pristine SCW Biochar,pH_pattern,IBU,Competitive,analysis_copy_recode_from_raw_Single,canonical_or_source_label_retained,pH,Q_e
2560,Pristine SCW Biochar,pH_pattern,IBU,Competitive,analysis_copy_recode_from_raw_Single,canonical_or_source_label_retained,pH,Q_e
2561,Pristine SCW Biochar,pH_pattern,IBU,Competitive,analysis_copy_recode_from_raw_Single,canonical_or_source_label_retained,pH,Q_e
2562,Pristine SCW Biochar,kinetics_pattern; isotherm_pattern; pH_pattern; ionic_strength_pattern; temperature_pattern,IBU,Competitive,analysis_copy_recode_from_raw_Single,canonical_or_source_label_retained,pH,Q_e
2563,Pristine SCW Biochar,pH_pattern,IBU,Competitive,analysis_copy_recode_from_raw_Single,canonical_or_source_label_retained,pH,Q_e
2564,Pristine SCW Biochar,pH_pattern,IBU,Competitive,analysis_copy_recode_from_raw_Single,canonical_or_source_label_retained,pH,Q_e
2565,Pristine SCW Biochar,pH_pattern,IBU,Competitive,analysis_copy_recode_from_raw_Single,canonical_or_source_label_retained,pH,Q_e
2566,Pristine SCW Biochar,kinetics_pattern; isotherm_pattern; pH_pattern; ionic_strength_pattern; temperature_pattern,IBU,Competitive,analysis_copy_recode_from_raw_Single,canonical_or_source_label_retained,pH,Q_e
2567,Pristine SCW Biochar,pH_pattern,IBU,Competitive,analysis_copy_recode_from_raw_Single,canonical_or_source_label_retained,pH,Q_e
2568,Pristine SCW Biochar,pH_pattern,IBU,Competitive,analysis_copy_recode_from_raw_Single,canonical_or_source_label_retained,pH,Q_e
2593,Pristine SCW Biochar,pH_pattern,IBU,Competitive,analysis_copy_recode_from_raw_Single,canonical_or_source_label_retained,pH,Q_e
2594,Pristine SCW Biochar,kinetics_pattern; isotherm_pattern; pH_pattern; ionic_strength_pattern; temperature_pattern,IBU,Competitive,analysis_copy_recode_from_raw_Single,canonical_or_source_label_retained,pH,Q_e
2595,Pristine SCW Biochar,pH_pattern,IBU,Competitive,analysis_copy_recode_from_raw_Single,canonical_or_source_label_retained,pH,Q_e
2596,Pristine SCW Biochar,pH_pattern,IBU,Competitive,analysis_copy_recode_from_raw_Single,canonical_or_source_label_retained,pH,Q_e
2597,Pristine SCW Biochar,pH_pattern,IBU,Competitive,analysis_copy_recode_from_raw_Single,canonical_or_source_label_retained,pH,Q_e
2598,Pristine SCW Biochar,kinetics_pattern; isotherm_pattern; pH_pattern; ionic_strength_pattern; temperature_pattern,IBU,Competitive,analysis_copy_recode_from_raw_Single,canonical_or_source_label_retained,pH,Q_e
2599,Pristine SCW Biochar,pH_pattern,IBU,Competitive,analysis_copy_recode_from_raw_Single,canonical_or_source_label_retained,pH,Q_e
2600,Pristine SCW Biochar,pH_pattern,IBU,Competitive,analysis_copy_recode_from_raw_Single,canonical_or_source_label_retained,pH,Q_e
2601,Pristine SCW Biochar,pH_pattern,IBU,Competitive,analysis_copy_recode_from_raw_Single,canonical_or_source_label_retained,pH,Q_e
2602,Pristine SCW Biochar,kinetics_pattern; isotherm_pattern; pH_pattern; ionic_strength_pattern; temperature_pattern,IBU,Competitive,analysis_copy_recode_from_raw_Single,canonical_or_source_label_retained,pH,Q_e
2603,Pristine SCW Biochar,pH_pattern,IBU,Competitive,analysis_copy_recode_from_raw_Single,canonical_or_source_label_retained,pH,Q_e
2604,Pristine SCW Biochar,pH_pattern,IBU,Competitive,analysis_copy_recode_from_raw_Single,canonical_or_source_label_retained,pH,Q_e
2641,Pristine SCW Biochar,kinetics_pattern; isotherm_pattern; pH_pattern; ionic_strength_pattern; temperature_pattern,IBU,Competitive,analysis_copy_recode_from_raw_Single,canonical_or_source_label_retained,ionic_strength,Q_e
2642,Pristine SCW Biochar,ionic_strength_pattern,IBU,Competitive,analysis_copy_recode_from_raw_Single,canonical_or_source_label_retained,ionic_strength,Q_e
2643,Pristine SCW Biochar,ionic_strength_pattern,IBU,Competitive,analysis_copy_recode_from_raw_Single,canonical_or_source_label_retained,ionic_strength,Q_e
2644,Pristine SCW Biochar,ionic_strength_pattern,IBU,Competitive,analysis_copy_recode_from_raw_Single,canonical_or_source_label_retained,ionic_strength,Q_e
2645,Pristine SCW Biochar,ionic_strength_pattern,IBU,Competitive,analysis_copy_recode_from_raw_Single,canonical_or_source_label_retained,ionic_strength,Q_e
2646,Pristine SCW Biochar,ionic_strength_pattern,IBU,Competitive,analysis_copy_recode_from_raw_Single,canonical_or_source_label_retained,ionic_strength,Q_e
2647,Pristine SCW Biochar,kinetics_pattern; isotherm_pattern; pH_pattern; ionic_strength_pattern; temperature_pattern,IBU,Competitive,analysis_copy_recode_from_raw_Single,canonical_or_source_label_retained,ionic_strength,Q_e
2648,Pristine SCW Biochar,ionic_strength_pattern,IBU,Competitive,analysis_copy_recode_from_raw_Single,canonical_or_source_label_retained,ionic_strength,Q_e
2649,Pristine SCW Biochar,ionic_strength_pattern,IBU,Competitive,analysis_copy_recode_from_raw_Single,canonical_or_source_label_retained,ionic_strength,Q_e
2650,Pristine SCW Biochar,ionic_strength_pattern,IBU,Competitive,analysis_copy_recode_from_raw_Single,canonical_or_source_label_retained,ionic_strength,Q_e
2651,Pristine SCW Biochar,ionic_strength_pattern,IBU,Competitive,analysis_copy_recode_from_raw_Single,canonical_or_source_label_retained,ionic_strength,Q_e
2652,Pristine SCW Biochar,ionic_strength_pattern,IBU,Competitive,analysis_copy_recode_from_raw_Single,canonical_or_source_label_retained,ionic_strength,Q_e
2653,Pristine SCW Biochar,kinetics_pattern; isotherm_pattern; pH_pattern; ionic_strength_pattern; temperature_pattern,IBU,Competitive,analysis_copy_recode_from_raw_Single,canonical_or_source_label_retained,ionic_strength,Q_e
2654,Pristine SCW Biochar,ionic_strength_pattern,IBU,Competitive,analysis_copy_recode_from_raw_Single,canonical_or_source_label_retained,ionic_strength,Q_e
2655,Pristine SCW Biochar,ionic_strength_pattern,IBU,Competitive,analysis_copy_recode_from_raw_Single,canonical_or_source_label_retained,ionic_strength,Q_e
2656,Pristine SCW Biochar,ionic_strength_pattern,IBU,Competitive,analysis_copy_recode_from_raw_Single,canonical_or_source_label_retained,ionic_strength,Q_e
2657,Pristine SCW Biochar,ionic_strength_pattern,IBU,Competitive,analysis_copy_recode_from_raw_Single,canonical_or_source_label_retained,ionic_strength,Q_e
2658,Pristine SCW Biochar,ionic_strength_pattern,IBU,Competitive,analysis_copy_recode_from_raw_Single,canonical_or_source_label_retained,ionic_strength,Q_e
2695,Pristine SCW Biochar,kinetics_pattern; isotherm_pattern; pH_pattern; ionic_strength_pattern; temperature_pattern,IBU,Competitive,analysis_copy_recode_from_raw_Single,canonical_or_source_label_retained,ionic_strength,Q_e
2696,Pristine SCW Biochar,ionic_strength_pattern,IBU,Competitive,analysis_copy_recode_from_raw_Single,canonical_or_source_label_retained,ionic_strength,Q_e
2697,Pristine SCW Biochar,ionic_strength_pattern,IBU,Competitive,analysis_copy_recode_from_raw_Single,canonical_or_source_label_retained,ionic_strength,Q_e
2698,Pristine SCW Biochar,ionic_strength_pattern,IBU,Competitive,analysis_copy_recode_from_raw_Single,canonical_or_source_label_retained,ionic_strength,Q_e
2699,Pristine SCW Biochar,ionic_strength_pattern,IBU,Competitive,analysis_copy_recode_from_raw_Single,canonical_or_source_label_retained,ionic_strength,Q_e
2700,Pristine SCW Biochar,ionic_strength_pattern,IBU,Competitive,analysis_copy_recode_from_raw_Single,canonical_or_source_label_retained,ionic_strength,Q_e
2701,Pristine SCW Biochar,kinetics_pattern; isotherm_pattern; pH_pattern; ionic_strength_pattern; temperature_pattern,IBU,Competitive,analysis_copy_recode_from_raw_Single,canonical_or_source_label_retained,ionic_strength,Q_e
2702,Pristine SCW Biochar,ionic_strength_pattern,IBU,Competitive,analysis_copy_recode_from_raw_Single,canonical_or_source_label_retained,ionic_strength,Q_e
2703,Pristine SCW Biochar,ionic_strength_pattern,IBU,Competitive,analysis_copy_recode_from_raw_Single,canonical_or_source_label_retained,ionic_strength,Q_e
2704,Pristine SCW Biochar,ionic_strength_pattern,IBU,Competitive,analysis_copy_recode_from_raw_Single,canonical_or_source_label_retained,ionic_strength,Q_e
2705,Pristine SCW Biochar,ionic_strength_pattern,IBU,Competitive,analysis_copy_recode_from_raw_Single,canonical_or_source_label_retained,ionic_strength,Q_e
2706,Pristine SCW Biochar,ionic_strength_pattern,IBU,Competitive,analysis_copy_recode_from_raw_Single,canonical_or_source_label_retained,ionic_strength,Q_e
2707,Pristine SCW Biochar,kinetics_pattern; isotherm_pattern; pH_pattern; ionic_strength_pattern; temperature_pattern,IBU,Competitive,analysis_copy_recode_from_raw_Single,canonical_or_source_label_retained,ionic_strength,Q_e
2708,Pristine SCW Biochar,ionic_strength_pattern,IBU,Competitive,analysis_copy_recode_from_raw_Single,canonical_or_source_label_retained,ionic_strength,Q_e
2709,Pristine SCW Biochar,ionic_strength_pattern,IBU,Competitive,analysis_copy_recode_from_raw_Single,canonical_or_source_label_retained,ionic_strength,Q_e
2710,Pristine SCW Biochar,ionic_strength_pattern,IBU,Competitive,analysis_copy_recode_from_raw_Single,canonical_or_source_label_retained,ionic_strength,Q_e
2711,Pristine SCW Biochar,ionic_strength_pattern,IBU,Competitive,analysis_copy_recode_from_raw_Single,canonical_or_source_label_retained,ionic_strength,Q_e
2712,Pristine SCW Biochar,ionic_strength_pattern,IBU,Competitive,analysis_copy_recode_from_raw_Single,canonical_or_source_label_retained,ionic_strength,Q_e
2731,Pristine SCW Biochar,temperature_pattern,IBU,Competitive,analysis_copy_recode_from_raw_Single,canonical_or_source_label_retained,temperature,Q_e
2732,Pristine SCW Biochar,kinetics_pattern; isotherm_pattern; pH_pattern; ionic_strength_pattern; temperature_pattern,IBU,Competitive,analysis_copy_recode_from_raw_Single,canonical_or_source_label_retained,temperature,Q_e
2733,Pristine SCW Biochar,temperature_pattern,IBU,Competitive,analysis_copy_recode_from_raw_Single,canonical_or_source_label_retained,temperature,Q_e
2734,Pristine SCW Biochar,temperature_pattern,IBU,Competitive,analysis_copy_recode_from_raw_Single,canonical_or_source_label_retained,temperature,Q_e
2735,Pristine SCW Biochar,kinetics_pattern; isotherm_pattern; pH_pattern; ionic_strength_pattern; temperature_pattern,IBU,Competitive,analysis_copy_recode_from_raw_Single,canonical_or_source_label_retained,temperature,Q_e
2736,Pristine SCW Biochar,temperature_pattern,IBU,Competitive,analysis_copy_recode_from_raw_Single,canonical_or_source_label_retained,temperature,Q_e
2737,Pristine SCW Biochar,temperature_pattern,IBU,Competitive,analysis_copy_recode_from_raw_Single,canonical_or_source_label_retained,temperature,Q_e
2738,Pristine SCW Biochar,kinetics_pattern; isotherm_pattern; pH_pattern; ionic_strength_pattern; temperature_pattern,IBU,Competitive,analysis_copy_recode_from_raw_Single,canonical_or_source_label_retained,temperature,Q_e
2739,Pristine SCW Biochar,temperature_pattern,IBU,Competitive,analysis_copy_recode_from_raw_Single,canonical_or_source_label_retained,temperature,Q_e
2758,Pristine SCW Biochar,temperature_pattern,IBU,Competitive,analysis_copy_recode_from_raw_Single,canonical_or_source_label_retained,temperature,Q_e
2759,Pristine SCW Biochar,kinetics_pattern; isotherm_pattern; pH_pattern; ionic_strength_pattern; temperature_pattern,IBU,Competitive,analysis_copy_recode_from_raw_Single,canonical_or_source_label_retained,temperature,Q_e
2760,Pristine SCW Biochar,temperature_pattern,IBU,Competitive,analysis_copy_recode_from_raw_Single,canonical_or_source_label_retained,temperature,Q_e
2761,Pristine SCW Biochar,temperature_pattern,IBU,Competitive,analysis_copy_recode_from_raw_Single,canonical_or_source_label_retained,temperature,Q_e
2762,Pristine SCW Biochar,kinetics_pattern; isotherm_pattern; pH_pattern; ionic_strength_pattern; temperature_pattern,IBU,Competitive,analysis_copy_recode_from_raw_Single,canonical_or_source_label_retained,temperature,Q_e
2763,Pristine SCW Biochar,temperature_pattern,IBU,Competitive,analysis_copy_recode_from_raw_Single,canonical_or_source_label_retained,temperature,Q_e
2764,Pristine SCW Biochar,temperature_pattern,IBU,Competitive,analysis_copy_recode_from_raw_Single,canonical_or_source_label_retained,temperature,Q_e
2765,Pristine SCW Biochar,kinetics_pattern; isotherm_pattern; pH_pattern; ionic_strength_pattern; temperature_pattern,IBU,Competitive,analysis_copy_recode_from_raw_Single,canonical_or_source_label_retained,temperature,Q_e
2766,Pristine SCW Biochar,temperature_pattern,IBU,Competitive,analysis_copy_recode_from_raw_Single,canonical_or_source_label_retained,temperature,Q_e
2821,NaOH-activated SCW biochars,kinetics_pattern,IBU,Competitive,analysis_copy_recode_from_raw_Single,canonical_or_source_label_retained,kinetics,Q_t
2822,NaOH-activated SCW biochars,kinetics_pattern,IBU,Competitive,analysis_copy_recode_from_raw_Single,canonical_or_source_label_retained,kinetics,Q_t
2823,NaOH-activated SCW biochars,kinetics_pattern,IBU,Competitive,analysis_copy_recode_from_raw_Single,canonical_or_source_label_retained,kinetics,Q_t
2824,NaOH-activated SCW biochars,kinetics_pattern,IBU,Competitive,analysis_copy_recode_from_raw_Single,canonical_or_source_label_retained,kinetics,Q_t
2825,NaOH-activated SCW biochars,kinetics_pattern,IBU,Competitive,analysis_copy_recode_from_raw_Single,canonical_or_source_label_retained,kinetics,Q_t
2826,NaOH-activated SCW biochars,kinetics_pattern,IBU,Competitive,analysis_copy_recode_from_raw_Single,canonical_or_source_label_retained,kinetics,Q_t
2827,NaOH-activated SCW biochars,kinetics_pattern,IBU,Competitive,analysis_copy_recode_from_raw_Single,canonical_or_source_label_retained,kinetics,Q_t
2828,NaOH-activated SCW biochars,kinetics_pattern,IBU,Competitive,analysis_copy_recode_from_raw_Single,canonical_or_source_label_retained,kinetics,Q_t
2829,NaOH-activated SCW biochars,kinetics_pattern; isotherm_pattern; pH_pattern; ionic_strength_pattern; temperature_pattern,IBU,Competitive,analysis_copy_recode_from_raw_Single,canonical_or_source_label_retained,kinetics,Q_t
2830,NaOH-activated SCW biochars,kinetics_pattern,IBU,Competitive,analysis_copy_recode_from_raw_Single,canonical_or_source_label_retained,kinetics,Q_t
2831,NaOH-activated SCW biochars,kinetics_pattern,IBU,Competitive,analysis_copy_recode_from_raw_Single,canonical_or_source_label_retained,kinetics,Q_t
2832,NaOH-activated SCW biochars,kinetics_pattern,IBU,Competitive,analysis_copy_recode_from_raw_Single,canonical_or_source_label_retained,kinetics,Q_t
2833,NaOH-activated SCW biochars,kinetics_pattern,IBU,Competitive,analysis_copy_recode_from_raw_Single,canonical_or_source_label_retained,kinetics,Q_t
2834,NaOH-activated SCW biochars,kinetics_pattern,IBU,Competitive,analysis_copy_recode_from_raw_Single,canonical_or_source_label_retained,kinetics,Q_t
2835,NaOH-activated SCW biochars,kinetics_pattern,IBU,Competitive,analysis_copy_recode_from_raw_Single,canonical_or_source_label_retained,kinetics,Q_t
2836,NaOH-activated SCW biochars,kinetics_pattern,IBU,Competitive,analysis_copy_recode_from_raw_Single,canonical_or_source_label_retained,kinetics,Q_t
2837,NaOH-activated SCW biochars,kinetics_pattern,IBU,Competitive,analysis_copy_recode_from_raw_Single,canonical_or_source_label_retained,kinetics,Q_t
2838,NaOH-activated SCW biochars,kinetics_pattern; isotherm_pattern; pH_pattern; ionic_strength_pattern; temperature_pattern,IBU,Competitive,analysis_copy_recode_from_raw_Single,canonical_or_source_label_retained,kinetics,Q_t
2839,NaOH-activated SCW biochars,kinetics_pattern,IBU,Competitive,analysis_copy_recode_from_raw_Single,canonical_or_source_label_retained,kinetics,Q_t
2840,NaOH-activated SCW biochars,kinetics_pattern,IBU,Competitive,analysis_copy_recode_from_raw_Single,canonical_or_source_label_retained,kinetics,Q_t
2841,NaOH-activated SCW biochars,kinetics_pattern,IBU,Competitive,analysis_copy_recode_from_raw_Single,canonical_or_source_label_retained,kinetics,Q_t
2842,NaOH-activated SCW biochars,kinetics_pattern,IBU,Competitive,analysis_copy_recode_from_raw_Single,canonical_or_source_label_retained,kinetics,Q_t
2843,NaOH-activated SCW biochars,kinetics_pattern,IBU,Competitive,analysis_copy_recode_from_raw_Single,canonical_or_source_label_retained,kinetics,Q_t
2844,NaOH-activated SCW biochars,kinetics_pattern,IBU,Competitive,analysis_copy_recode_from_raw_Single,canonical_or_source_label_retained,kinetics,Q_t
2845,NaOH-activated SCW biochars,kinetics_pattern,IBU,Competitive,analysis_copy_recode_from_raw_Single,canonical_or_source_label_retained,kinetics,Q_t
2846,NaOH-activated SCW biochars,kinetics_pattern,IBU,Competitive,analysis_copy_recode_from_raw_Single,canonical_or_source_label_retained,kinetics,Q_t
2847,NaOH-activated SCW biochars,kinetics_pattern; isotherm_pattern; pH_pattern; ionic_strength_pattern; temperature_pattern,IBU,Competitive,analysis_copy_recode_from_raw_Single,canonical_or_source_label_retained,kinetics,Q_t
2902,NaOH-activated SCW biochars,kinetics_pattern,IBU,Competitive,analysis_copy_recode_from_raw_Single,canonical_or_source_label_retained,kinetics,Q_t
2903,NaOH-activated SCW biochars,kinetics_pattern,IBU,Competitive,analysis_copy_recode_from_raw_Single,canonical_or_source_label_retained,kinetics,Q_t
2904,NaOH-activated SCW biochars,kinetics_pattern,IBU,Competitive,analysis_copy_recode_from_raw_Single,canonical_or_source_label_retained,kinetics,Q_t
2905,NaOH-activated SCW biochars,kinetics_pattern,IBU,Competitive,analysis_copy_recode_from_raw_Single,canonical_or_source_label_retained,kinetics,Q_t
2906,NaOH-activated SCW biochars,kinetics_pattern,IBU,Competitive,analysis_copy_recode_from_raw_Single,canonical_or_source_label_retained,kinetics,Q_t
2907,NaOH-activated SCW biochars,kinetics_pattern,IBU,Competitive,analysis_copy_recode_from_raw_Single,canonical_or_source_label_retained,kinetics,Q_t
2908,NaOH-activated SCW biochars,kinetics_pattern,IBU,Competitive,analysis_copy_recode_from_raw_Single,canonical_or_source_label_retained,kinetics,Q_t
2909,NaOH-activated SCW biochars,kinetics_pattern,IBU,Competitive,analysis_copy_recode_from_raw_Single,canonical_or_source_label_retained,kinetics,Q_t
2910,NaOH-activated SCW biochars,kinetics_pattern; isotherm_pattern; pH_pattern; ionic_strength_pattern; temperature_pattern,IBU,Competitive,analysis_copy_recode_from_raw_Single,canonical_or_source_label_retained,kinetics,Q_t
2911,NaOH-activated SCW biochars,kinetics_pattern,IBU,Competitive,analysis_copy_recode_from_raw_Single,canonical_or_source_label_retained,kinetics,Q_t
2912,NaOH-activated SCW biochars,kinetics_pattern,IBU,Competitive,analysis_copy_recode_from_raw_Single,canonical_or_source_label_retained,kinetics,Q_t
2913,NaOH-activated SCW biochars,kinetics_pattern,IBU,Competitive,analysis_copy_recode_from_raw_Single,canonical_or_source_label_retained,kinetics,Q_t
2914,NaOH-activated SCW biochars,kinetics_pattern,IBU,Competitive,analysis_copy_recode_from_raw_Single,canonical_or_source_label_retained,kinetics,Q_t
2915,NaOH-activated SCW biochars,kinetics_pattern,IBU,Competitive,analysis_copy_recode_from_raw_Single,canonical_or_source_label_retained,kinetics,Q_t
2916,NaOH-activated SCW biochars,kinetics_pattern,IBU,Competitive,analysis_copy_recode_from_raw_Single,canonical_or_source_label_retained,kinetics,Q_t
2917,NaOH-activated SCW biochars,kinetics_pattern,IBU,Competitive,analysis_copy_recode_from_raw_Single,canonical_or_source_label_retained,kinetics,Q_t
2918,NaOH-activated SCW biochars,kinetics_pattern,IBU,Competitive,analysis_copy_recode_from_raw_Single,canonical_or_source_label_retained,kinetics,Q_t
2919,NaOH-activated SCW biochars,kinetics_pattern; isotherm_pattern; pH_pattern; ionic_strength_pattern; temperature_pattern,IBU,Competitive,analysis_copy_recode_from_raw_Single,canonical_or_source_label_retained,kinetics,Q_t
2920,NaOH-activated SCW biochars,kinetics_pattern,IBU,Competitive,analysis_copy_recode_from_raw_Single,canonical_or_source_label_retained,kinetics,Q_t
2921,NaOH-activated SCW biochars,kinetics_pattern,IBU,Competitive,analysis_copy_recode_from_raw_Single,canonical_or_source_label_retained,kinetics,Q_t
2922,NaOH-activated SCW biochars,kinetics_pattern,IBU,Competitive,analysis_copy_recode_from_raw_Single,canonical_or_source_label_retained,kinetics,Q_t
2923,NaOH-activated SCW biochars,kinetics_pattern,IBU,Competitive,analysis_copy_recode_from_raw_Single,canonical_or_source_label_retained,kinetics,Q_t
2924,NaOH-activated SCW biochars,kinetics_pattern,IBU,Competitive,analysis_copy_recode_from_raw_Single,canonical_or_source_label_retained,kinetics,Q_t
2925,NaOH-activated SCW biochars,kinetics_pattern,IBU,Competitive,analysis_copy_recode_from_raw_Single,canonical_or_source_label_retained,kinetics,Q_t
2926,NaOH-activated SCW biochars,kinetics_pattern,IBU,Competitive,analysis_copy_recode_from_raw_Single,canonical_or_source_label_retained,kinetics,Q_t
2927,NaOH-activated SCW biochars,kinetics_pattern,IBU,Competitive,analysis_copy_recode_from_raw_Single,canonical_or_source_label_retained,kinetics,Q_t
2928,NaOH-activated SCW biochars,kinetics_pattern; isotherm_pattern; pH_pattern; ionic_strength_pattern; temperature_pattern,IBU,Competitive,analysis_copy_recode_from_raw_Single,canonical_or_source_label_retained,kinetics,Q_t
2959,NaOH-activated SCW biochars,isotherm_pattern,IBU,Competitive,analysis_copy_recode_from_raw_Single,canonical_or_source_label_retained,isotherm,Q_e
2960,NaOH-activated SCW biochars,isotherm_pattern,IBU,Competitive,analysis_copy_recode_from_raw_Single,canonical_or_source_label_retained,isotherm,Q_e
2961,NaOH-activated SCW biochars,kinetics_pattern; isotherm_pattern; pH_pattern; ionic_strength_pattern; temperature_pattern,IBU,Competitive,analysis_copy_recode_from_raw_Single,canonical_or_source_label_retained,isotherm,Q_e
2962,NaOH-activated SCW biochars,isotherm_pattern,IBU,Competitive,analysis_copy_recode_from_raw_Single,canonical_or_source_label_retained,isotherm,Q_e
2963,NaOH-activated SCW biochars,isotherm_pattern,IBU,Competitive,analysis_copy_recode_from_raw_Single,canonical_or_source_label_retained,isotherm,Q_e
2964,NaOH-activated SCW biochars,isotherm_pattern,IBU,Competitive,analysis_copy_recode_from_raw_Single,canonical_or_source_label_retained,isotherm,Q_e
2965,NaOH-activated SCW biochars,isotherm_pattern,IBU,Competitive,analysis_copy_recode_from_raw_Single,canonical_or_source_label_retained,isotherm,Q_e
2966,NaOH-activated SCW biochars,kinetics_pattern; isotherm_pattern; pH_pattern; ionic_strength_pattern; temperature_pattern,IBU,Competitive,analysis_copy_recode_from_raw_Single,canonical_or_source_label_retained,isotherm,Q_e
2967,NaOH-activated SCW biochars,isotherm_pattern,IBU,Competitive,analysis_copy_recode_from_raw_Single,canonical_or_source_label_retained,isotherm,Q_e
2968,NaOH-activated SCW biochars,isotherm_pattern,IBU,Competitive,analysis_copy_recode_from_raw_Single,canonical_or_source_label_retained,isotherm,Q_e
2969,NaOH-activated SCW biochars,isotherm_pattern,IBU,Competitive,analysis_copy_recode_from_raw_Single,canonical_or_source_label_retained,isotherm,Q_e
2970,NaOH-activated SCW biochars,isotherm_pattern,IBU,Competitive,analysis_copy_recode_from_raw_Single,canonical_or_source_label_retained,isotherm,Q_e
2971,NaOH-activated SCW biochars,kinetics_pattern; isotherm_pattern; pH_pattern; ionic_strength_pattern; temperature_pattern,IBU,Competitive,analysis_copy_recode_from_raw_Single,canonical_or_source_label_retained,isotherm,Q_e
2972,NaOH-activated SCW biochars,isotherm_pattern,IBU,Competitive,analysis_copy_recode_from_raw_Single,canonical_or_source_label_retained,isotherm,Q_e
2973,NaOH-activated SCW biochars,isotherm_pattern,IBU,Competitive,analysis_copy_recode_from_raw_Single,canonical_or_source_label_retained,isotherm,Q_e
3004,NaOH-activated SCW biochars,isotherm_pattern,IBU,Competitive,analysis_copy_recode_from_raw_Single,canonical_or_source_label_retained,isotherm,Q_e
3005,NaOH-activated SCW biochars,isotherm_pattern,IBU,Competitive,analysis_copy_recode_from_raw_Single,canonical_or_source_label_retained,isotherm,Q_e
3006,NaOH-activated SCW biochars,kinetics_pattern; isotherm_pattern; pH_pattern; ionic_strength_pattern; temperature_pattern,IBU,Competitive,analysis_copy_recode_from_raw_Single,canonical_or_source_label_retained,isotherm,Q_e
3007,NaOH-activated SCW biochars,isotherm_pattern,IBU,Competitive,analysis_copy_recode_from_raw_Single,canonical_or_source_label_retained,isotherm,Q_e
3008,NaOH-activated SCW biochars,isotherm_pattern,IBU,Competitive,analysis_copy_recode_from_raw_Single,canonical_or_source_label_retained,isotherm,Q_e
3009,NaOH-activated SCW biochars,isotherm_pattern,IBU,Competitive,analysis_copy_recode_from_raw_Single,canonical_or_source_label_retained,isotherm,Q_e
3010,NaOH-activated SCW biochars,isotherm_pattern,IBU,Competitive,analysis_copy_recode_from_raw_Single,canonical_or_source_label_retained,isotherm,Q_e
3011,NaOH-activated SCW biochars,kinetics_pattern; isotherm_pattern; pH_pattern; ionic_strength_pattern; temperature_pattern,IBU,Competitive,analysis_copy_recode_from_raw_Single,canonical_or_source_label_retained,isotherm,Q_e
3012,NaOH-activated SCW biochars,isotherm_pattern,IBU,Competitive,analysis_copy_recode_from_raw_Single,canonical_or_source_label_retained,isotherm,Q_e
3013,NaOH-activated SCW biochars,isotherm_pattern,IBU,Competitive,analysis_copy_recode_from_raw_Single,canonical_or_source_label_retained,isotherm,Q_e
3014,NaOH-activated SCW biochars,isotherm_pattern,IBU,Competitive,analysis_copy_recode_from_raw_Single,canonical_or_source_label_retained,isotherm,Q_e
3015,NaOH-activated SCW biochars,isotherm_pattern,IBU,Competitive,analysis_copy_recode_from_raw_Single,canonical_or_source_label_retained,isotherm,Q_e
3016,NaOH-activated SCW biochars,kinetics_pattern; isotherm_pattern; pH_pattern; ionic_strength_pattern; temperature_pattern,IBU,Competitive,analysis_copy_recode_from_raw_Single,canonical_or_source_label_retained,isotherm,Q_e
3017,NaOH-activated SCW biochars,isotherm_pattern,IBU,Competitive,analysis_copy_recode_from_raw_Single,canonical_or_source_label_retained,isotherm,Q_e
3018,NaOH-activated SCW biochars,isotherm_pattern,IBU,Competitive,analysis_copy_recode_from_raw_Single,canonical_or_source_label_retained,isotherm,Q_e
3043,NaOH-activated SCW biochars,pH_pattern,IBU,Competitive,analysis_copy_recode_from_raw_Single,canonical_or_source_label_retained,pH,Q_e
3044,NaOH-activated SCW biochars,kinetics_pattern; isotherm_pattern; pH_pattern; ionic_strength_pattern; temperature_pattern,IBU,Competitive,analysis_copy_recode_from_raw_Single,canonical_or_source_label_retained,pH,Q_e
3045,NaOH-activated SCW biochars,pH_pattern,IBU,Competitive,analysis_copy_recode_from_raw_Single,canonical_or_source_label_retained,pH,Q_e
3046,NaOH-activated SCW biochars,pH_pattern,IBU,Competitive,analysis_copy_recode_from_raw_Single,canonical_or_source_label_retained,pH,Q_e
3047,NaOH-activated SCW biochars,pH_pattern,IBU,Competitive,analysis_copy_recode_from_raw_Single,canonical_or_source_label_retained,pH,Q_e
3048,NaOH-activated SCW biochars,kinetics_pattern; isotherm_pattern; pH_pattern; ionic_strength_pattern; temperature_pattern,IBU,Competitive,analysis_copy_recode_from_raw_Single,canonical_or_source_label_retained,pH,Q_e
3049,NaOH-activated SCW biochars,pH_pattern,IBU,Competitive,analysis_copy_recode_from_raw_Single,canonical_or_source_label_retained,pH,Q_e
3050,NaOH-activated SCW biochars,pH_pattern,IBU,Competitive,analysis_copy_recode_from_raw_Single,canonical_or_source_label_retained,pH,Q_e
3051,NaOH-activated SCW biochars,pH_pattern,IBU,Competitive,analysis_copy_recode_from_raw_Single,canonical_or_source_label_retained,pH,Q_e
3052,NaOH-activated SCW biochars,kinetics_pattern; isotherm_pattern; pH_pattern; ionic_strength_pattern; temperature_pattern,IBU,Competitive,analysis_copy_recode_from_raw_Single,canonical_or_source_label_retained,pH,Q_e
3053,NaOH-activated SCW biochars,pH_pattern,IBU,Competitive,analysis_copy_recode_from_raw_Single,canonical_or_source_label_retained,pH,Q_e
3054,NaOH-activated SCW biochars,pH_pattern,IBU,Competitive,analysis_copy_recode_from_raw_Single,canonical_or_source_label_retained,pH,Q_e
3079,NaOH-activated SCW biochars,pH_pattern,IBU,Competitive,analysis_copy_recode_from_raw_Single,canonical_or_source_label_retained,pH,Q_e
3080,NaOH-activated SCW biochars,kinetics_pattern; isotherm_pattern; pH_pattern; ionic_strength_pattern; temperature_pattern,IBU,Competitive,analysis_copy_recode_from_raw_Single,canonical_or_source_label_retained,pH,Q_e
3081,NaOH-activated SCW biochars,pH_pattern,IBU,Competitive,analysis_copy_recode_from_raw_Single,canonical_or_source_label_retained,pH,Q_e
3082,NaOH-activated SCW biochars,pH_pattern,IBU,Competitive,analysis_copy_recode_from_raw_Single,canonical_or_source_label_retained,pH,Q_e
3083,NaOH-activated SCW biochars,pH_pattern,IBU,Competitive,analysis_copy_recode_from_raw_Single,canonical_or_source_label_retained,pH,Q_e
3084,NaOH-activated SCW biochars,kinetics_pattern; isotherm_pattern; pH_pattern; ionic_strength_pattern; temperature_pattern,IBU,Competitive,analysis_copy_recode_from_raw_Single,canonical_or_source_label_retained,pH,Q_e
3085,NaOH-activated SCW biochars,pH_pattern,IBU,Competitive,analysis_copy_recode_from_raw_Single,canonical_or_source_label_retained,pH,Q_e
3086,NaOH-activated SCW biochars,pH_pattern,IBU,Competitive,analysis_copy_recode_from_raw_Single,canonical_or_source_label_retained,pH,Q_e
3087,NaOH-activated SCW biochars,pH_pattern,IBU,Competitive,analysis_copy_recode_from_raw_Single,canonical_or_source_label_retained,pH,Q_e
3088,NaOH-activated SCW biochars,kinetics_pattern; isotherm_pattern; pH_pattern; ionic_strength_pattern; temperature_pattern,IBU,Competitive,analysis_copy_recode_from_raw_Single,canonical_or_source_label_retained,pH,Q_e
3089,NaOH-activated SCW biochars,pH_pattern,IBU,Competitive,analysis_copy_recode_from_raw_Single,canonical_or_source_label_retained,pH,Q_e
3090,NaOH-activated SCW biochars,pH_pattern,IBU,Competitive,analysis_copy_recode_from_raw_Single,canonical_or_source_label_retained,pH,Q_e
3127,NaOH-activated SCW biochars,kinetics_pattern; isotherm_pattern; pH_pattern; ionic_strength_pattern; temperature_pattern,IBU,Competitive,analysis_copy_recode_from_raw_Single,canonical_or_source_label_retained,ionic_strength,Q_e
3128,NaOH-activated SCW biochars,ionic_strength_pattern,IBU,Competitive,analysis_copy_recode_from_raw_Single,canonical_or_source_label_retained,ionic_strength,Q_e
3129,NaOH-activated SCW biochars,ionic_strength_pattern,IBU,Competitive,analysis_copy_recode_from_raw_Single,canonical_or_source_label_retained,ionic_strength,Q_e
3130,NaOH-activated SCW biochars,ionic_strength_pattern,IBU,Competitive,analysis_copy_recode_from_raw_Single,canonical_or_source_label_retained,ionic_strength,Q_e
3131,NaOH-activated SCW biochars,ionic_strength_pattern,IBU,Competitive,analysis_copy_recode_from_raw_Single,canonical_or_source_label_retained,ionic_strength,Q_e
3132,NaOH-activated SCW biochars,ionic_strength_pattern,IBU,Competitive,analysis_copy_recode_from_raw_Single,canonical_or_source_label_retained,ionic_strength,Q_e
3133,NaOH-activated SCW biochars,kinetics_pattern; isotherm_pattern; pH_pattern; ionic_strength_pattern; temperature_pattern,IBU,Competitive,analysis_copy_recode_from_raw_Single,canonical_or_source_label_retained,ionic_strength,Q_e
3134,NaOH-activated SCW biochars,ionic_strength_pattern,IBU,Competitive,analysis_copy_recode_from_raw_Single,canonical_or_source_label_retained,ionic_strength,Q_e
3135,NaOH-activated SCW biochars,ionic_strength_pattern,IBU,Competitive,analysis_copy_recode_from_raw_Single,canonical_or_source_label_retained,ionic_strength,Q_e
3136,NaOH-activated SCW biochars,ionic_strength_pattern,IBU,Competitive,analysis_copy_recode_from_raw_Single,canonical_or_source_label_retained,ionic_strength,Q_e
3137,NaOH-activated SCW biochars,ionic_strength_pattern,IBU,Competitive,analysis_copy_recode_from_raw_Single,canonical_or_source_label_retained,ionic_strength,Q_e
3138,NaOH-activated SCW biochars,ionic_strength_pattern,IBU,Competitive,analysis_copy_recode_from_raw_Single,canonical_or_source_label_retained,ionic_strength,Q_e
3139,NaOH-activated SCW biochars,kinetics_pattern; isotherm_pattern; pH_pattern; ionic_strength_pattern; temperature_pattern,IBU,Competitive,analysis_copy_recode_from_raw_Single,canonical_or_source_label_retained,ionic_strength,Q_e
3140,NaOH-activated SCW biochars,ionic_strength_pattern,IBU,Competitive,analysis_copy_recode_from_raw_Single,canonical_or_source_label_retained,ionic_strength,Q_e
3141,NaOH-activated SCW biochars,ionic_strength_pattern,IBU,Competitive,analysis_copy_recode_from_raw_Single,canonical_or_source_label_retained,ionic_strength,Q_e
3142,NaOH-activated SCW biochars,ionic_strength_pattern,IBU,Competitive,analysis_copy_recode_from_raw_Single,canonical_or_source_label_retained,ionic_strength,Q_e
3143,NaOH-activated SCW biochars,ionic_strength_pattern,IBU,Competitive,analysis_copy_recode_from_raw_Single,canonical_or_source_label_retained,ionic_strength,Q_e
3144,NaOH-activated SCW biochars,ionic_strength_pattern,IBU,Competitive,analysis_copy_recode_from_raw_Single,canonical_or_source_label_retained,ionic_strength,Q_e
3181,NaOH-activated SCW biochars,kinetics_pattern; isotherm_pattern; pH_pattern; ionic_strength_pattern; temperature_pattern,IBU,Competitive,analysis_copy_recode_from_raw_Single,canonical_or_source_label_retained,ionic_strength,Q_e
3182,NaOH-activated SCW biochars,ionic_strength_pattern,IBU,Competitive,analysis_copy_recode_from_raw_Single,canonical_or_source_label_retained,ionic_strength,Q_e
3183,NaOH-activated SCW biochars,ionic_strength_pattern,IBU,Competitive,analysis_copy_recode_from_raw_Single,canonical_or_source_label_retained,ionic_strength,Q_e
3184,NaOH-activated SCW biochars,ionic_strength_pattern,IBU,Competitive,analysis_copy_recode_from_raw_Single,canonical_or_source_label_retained,ionic_strength,Q_e
3185,NaOH-activated SCW biochars,ionic_strength_pattern,IBU,Competitive,analysis_copy_recode_from_raw_Single,canonical_or_source_label_retained,ionic_strength,Q_e
3186,NaOH-activated SCW biochars,ionic_strength_pattern,IBU,Competitive,analysis_copy_recode_from_raw_Single,canonical_or_source_label_retained,ionic_strength,Q_e
3187,NaOH-activated SCW biochars,kinetics_pattern; isotherm_pattern; pH_pattern; ionic_strength_pattern; temperature_pattern,IBU,Competitive,analysis_copy_recode_from_raw_Single,canonical_or_source_label_retained,ionic_strength,Q_e
3188,NaOH-activated SCW biochars,ionic_strength_pattern,IBU,Competitive,analysis_copy_recode_from_raw_Single,canonical_or_source_label_retained,ionic_strength,Q_e
3189,NaOH-activated SCW biochars,ionic_strength_pattern,IBU,Competitive,analysis_copy_recode_from_raw_Single,canonical_or_source_label_retained,ionic_strength,Q_e
3190,NaOH-activated SCW biochars,ionic_strength_pattern,IBU,Competitive,analysis_copy_recode_from_raw_Single,canonical_or_source_label_retained,ionic_strength,Q_e
3191,NaOH-activated SCW biochars,ionic_strength_pattern,IBU,Competitive,analysis_copy_recode_from_raw_Single,canonical_or_source_label_retained,ionic_strength,Q_e
3192,NaOH-activated SCW biochars,ionic_strength_pattern,IBU,Competitive,analysis_copy_recode_from_raw_Single,canonical_or_source_label_retained,ionic_strength,Q_e
3193,NaOH-activated SCW biochars,kinetics_pattern; isotherm_pattern; pH_pattern; ionic_strength_pattern; temperature_pattern,IBU,Competitive,analysis_copy_recode_from_raw_Single,canonical_or_source_label_retained,ionic_strength,Q_e
3194,NaOH-activated SCW biochars,ionic_strength_pattern,IBU,Competitive,analysis_copy_recode_from_raw_Single,canonical_or_source_label_retained,ionic_strength,Q_e
3195,NaOH-activated SCW biochars,ionic_strength_pattern,IBU,Competitive,analysis_copy_recode_from_raw_Single,canonical_or_source_label_retained,ionic_strength,Q_e
3196,NaOH-activated SCW biochars,ionic_strength_pattern,IBU,Competitive,analysis_copy_recode_from_raw_Single,canonical_or_source_label_retained,ionic_strength,Q_e
3197,NaOH-activated SCW biochars,ionic_strength_pattern,IBU,Competitive,analysis_copy_recode_from_raw_Single,canonical_or_source_label_retained,ionic_strength,Q_e
3198,NaOH-activated SCW biochars,ionic_strength_pattern,IBU,Competitive,analysis_copy_recode_from_raw_Single,canonical_or_source_label_retained,ionic_strength,Q_e
3217,NaOH-activated SCW biochars,temperature_pattern,IBU,Competitive,analysis_copy_recode_from_raw_Single,canonical_or_source_label_retained,temperature,Q_e
3218,NaOH-activated SCW biochars,kinetics_pattern; isotherm_pattern; pH_pattern; ionic_strength_pattern; temperature_pattern,IBU,Competitive,analysis_copy_recode_from_raw_Single,canonical_or_source_label_retained,temperature,Q_e
3219,NaOH-activated SCW biochars,temperature_pattern,IBU,Competitive,analysis_copy_recode_from_raw_Single,canonical_or_source_label_retained,temperature,Q_e
3220,NaOH-activated SCW biochars,temperature_pattern,IBU,Competitive,analysis_copy_recode_from_raw_Single,canonical_or_source_label_retained,temperature,Q_e
3221,NaOH-activated SCW biochars,kinetics_pattern; isotherm_pattern; pH_pattern; ionic_strength_pattern; temperature_pattern,IBU,Competitive,analysis_copy_recode_from_raw_Single,canonical_or_source_label_retained,temperature,Q_e
3222,NaOH-activated SCW biochars,temperature_pattern,IBU,Competitive,analysis_copy_recode_from_raw_Single,canonical_or_source_label_retained,temperature,Q_e
3223,NaOH-activated SCW biochars,temperature_pattern,IBU,Competitive,analysis_copy_recode_from_raw_Single,canonical_or_source_label_retained,temperature,Q_e
3224,NaOH-activated SCW biochars,kinetics_pattern; isotherm_pattern; pH_pattern; ionic_strength_pattern; temperature_pattern,IBU,Competitive,analysis_copy_recode_from_raw_Single,canonical_or_source_label_retained,temperature,Q_e
3225,NaOH-activated SCW biochars,temperature_pattern,IBU,Competitive,analysis_copy_recode_from_raw_Single,canonical_or_source_label_retained,temperature,Q_e
3244,NaOH-activated SCW biochars,temperature_pattern,IBU,Competitive,analysis_copy_recode_from_raw_Single,canonical_or_source_label_retained,temperature,Q_e
3245,NaOH-activated SCW biochars,kinetics_pattern; isotherm_pattern; pH_pattern; ionic_strength_pattern; temperature_pattern,IBU,Competitive,analysis_copy_recode_from_raw_Single,canonical_or_source_label_retained,temperature,Q_e
3246,NaOH-activated SCW biochars,temperature_pattern,IBU,Competitive,analysis_copy_recode_from_raw_Single,canonical_or_source_label_retained,temperature,Q_e
3247,NaOH-activated SCW biochars,temperature_pattern,IBU,Competitive,analysis_copy_recode_from_raw_Single,canonical_or_source_label_retained,temperature,Q_e
3248,NaOH-activated SCW biochars,kinetics_pattern; isotherm_pattern; pH_pattern; ionic_strength_pattern; temperature_pattern,IBU,Competitive,analysis_copy_recode_from_raw_Single,canonical_or_source_label_retained,temperature,Q_e
3249,NaOH-activated SCW biochars,temperature_pattern,IBU,Competitive,analysis_copy_recode_from_raw_Single,canonical_or_source_label_retained,temperature,Q_e
3250,NaOH-activated SCW biochars,temperature_pattern,IBU,Competitive,analysis_copy_recode_from_raw_Single,canonical_or_source_label_retained,temperature,Q_e
3251,NaOH-activated SCW biochars,kinetics_pattern; isotherm_pattern; pH_pattern; ionic_strength_pattern; temperature_pattern,IBU,Competitive,analysis_copy_recode_from_raw_Single,canonical_or_source_label_retained,temperature,Q_e
3252,NaOH-activated SCW biochars,temperature_pattern,IBU,Competitive,analysis_copy_recode_from_raw_Single,canonical_or_source_label_retained,temperature,Q_e
